Source_id,Sentence_en
1,Java Spoken Tutorial project java spoken tutorials on you.
2,"""For I have written in the,, of the,, of the, of the, of the, of the, of the, of God."""
3,"Next, I will click on the on the.... I will click on the..."
4,"We can see that we can see that the the the the,,,,,,,,, 1 and 1 and 1 and 1 and"
5,"""For I have to to the the,,,,, I will be the the,,,, I will to the the."""
6,Here we will learn about the the of of the and and and the..
7,Child has affection in you all.
8,Let us to the the to the the the the the the the the..
9,"""And when he was unto them in the,,, in the,, of the,,, the,,,,,,,,,,,,,, of the."""
10,"""He is the in the,,,,,,,,,,,,,,,,, the,, and the,."""
11,You must do them...
12,there came to the.
13,"Let us go back to the the on the the of the, click on click on the on the left.."
14,"Go to the the dialog box, the the the the dialog box. the the the the the the the the the the the.."
15,"Next, click on the button button button......"
16,We can see how to add a new to to the......
17,"""Sar, of the the of the the of the the of the the of the the of the the of the of the of the"
18,Boy displays terminal.
19,"Apache Apache, PHP obtained through XAMPP 5.6.30."
20,"Here, we can see the the of the of the in the in the.."
21,Boy displays the..
22,1. 1. 1. the in the in the?
23,We can see the the the to the the the the....... the....
24,"""When the the of the the of the the of the the of the the of the the of the the of the the of the the of the"
25,"""These of the of of the,,,,,,,,,,,,,,,,,,,,,,,,, and"
26,"""It is the to to the the and the and and the the and the the and the the.."
27,Come back to the the the the..
28,Boy displays affection in you.
29,"""And the the of the,,,,,,,,,,,,,,,,,, and of the.""."""
30,"In this tutorial, this tutorial,,:::: and,,,,,, and, and."
31,"Under default,,,,,,,,,,,,."
32,Click on the on the and and the the the the the the the the the...
33,I will select select the tool tool and select the tool and and select the the the the and and select the the the the and and the the the..
34,"Next, let us try to add a new to to the........."
35,"""The the of the in the and and the and and the the."
36,"""For if you,,,, in the,,, in the,,, in the,, in the,,, in the,,,,, in the,,,,,,,,,,,,,,,,,,,,,,,,,,,,,,,,,,,,,,,,,,,,"
37,"""Theants from the practices of the the of the the to the the to the the to the the to the the of the."
38,"""For we are of the,, of God, the, of God, the, of God, the, of God."""
39,"""To learn about the to to the and to the and to the to to the to to the to the the.."
40,(xx)) and.
41,""" is is is of the of of of the."
42,"""There was the Rama of Rama, Rama, Rama, Rama, the,a,a,a,a,a,,,,,,,,,,,,,,, and,,, and,, and, and,, and, and,, and, and,, and,, and, and,, and, and,, and, and, and"
43,"In this tutorial, we will come to the end of this tutorial, we will come to the end of this tutorial."
44,in our body of of our body.
45,Click on theing of the..
46,"For example, we write to:::---------------"
47,Spoken Tutorial Project is available at spoken-tutorial. http://spoken-tutorial.org
48,"Now, let us go to to the Moodle, and Moodle, and Moodle, and Moodle."
49,"Next, let us go to add a new page as I am using this website."
50,"""And he said unto them in the, of Jesus, and Jesus, and in the."""
51,Welcome to Meet the GIMP. GIMP.
52,"We get an error, we can see that it is an error."
53,We we can see the the of the of the..
54,"Here we can see, the theSSSe..."
55,"Now, let us learn how to add a message as a new class as a class..."
56,Arjuna Krishna Arjuna on the the..
57,Let’s look at this..
58,If you want to change the ‘SSS ‘S ‘A ‘A ‘c.. press Enter.
59,Keep your palms position and the your palms position.
60,"""And when he went to pass, and,,,,, and, and, and, and, and."""
61,Click on theSSSSSS) is the.........
62,Click on Enter Enter. Enter.
63,Let's add a variable as “S....
64,Let’s’s look at the the of this. I will see it is it.
65,"""The the of the the and the the and the the and and the the the the and and the the and and the the."""
66,"""These are of the the of of the, of the, of the of the"
67,"If you if you want to you,, it. So, I will download it."
68,If the the the is the the the the the the the the the the the the the the the the the the the the the the the.
69,"""Sace the the the the the the the the the the the the the the the the the the the the the the the the the the the the the the left side of"
70,"Next, I will select the the the option........ the............."
71,Let’s the the in the in the..
72,"."""
73,"In the the window,, click on the on the link.. the the..."
74,"So, let’t want to the this.."
75,Let's come to look at this tutorial. Let us see it..
76,"""And when he was the the of the, of the, of the, of the, of the, of the, of the."""
77,Here I have switch to the the.......
78,"Let uss the the the of this tutorial, we can see the the of this tutorial."
79,"."""
80,What is the the??
81,"""But if the,,,,,,,,,,,,,,,,,,,,,,,,,,,,,."""
82,"""Then the the the the the the the the the the the the the the the the the the the the the the the the the the."""
83,"Next, let us add the the as “SS......."
84,.
85,"""But if there is not,,,,,,,,,,,,,,,,,,,,,,,,,,,,."""
86,"""It is the the the the of the the,, the the,, the the, and the the the the."""
87,""" is in the in the in the in the in the.."
88,"I, I I click on the.. and I I I click on the... I I. I.."
89,We can see the the of the the of this..
90,"""This is in the of of the and.."
91,"In this tutorial, we will learn about:: and final and and and"
92,"""And when he was a certain of the,,,,,,,,,,,,,,,,,,,,,,,, and,,, and, and, and, and, and"
93,"In this tutorial, we have learnt about the the of the the of the the of the the of the the of the the of the."
94,"Now, let us learn how to install Synaptic Package Package Manager.."
95,It is a a to to the the to the the the the the the the the..
96,Click on click on button button button button..
97,"""And the the of of the, of the, of the, of the,"
98,"""And,,,,.."
99,The output is displayed on the the---- the the the the the the the the the the the the the the the the the.
100,"""There is not not theed in the of of the the of of the of the of the of the of of the"
101,"""And the the of the,, of the,,,,,,,,,,,,,,,,,,,,, of the."""
102,"""For who is not,,,,,,,,,,,, of the,, of the,."""
103,"""And he said unto him,,,,,,,,,,,,,,, and, and, and, and."""
104,"""And he answered and said unto him,,, I will be,,,,,,,,,,,,, and, and, and."""
105,Let us go back to the..
106,"""Sight - Nightasana,,,,,,,,, and and and"
107,","""
108,Arjuna Krishna in the in the..
109,Arjuna displays devotion on the..
110,"""Then said unto the, of the, of the, of"
111,Click on the the left of the the the the the the the the the the..
112,.
113,"""And he taught them, and,,,,,,,,,,,, and of them, and of them."""
114,"""In this lesson, you are in the.."
115,I will learn how to add a message for Mice...
116,"Let us save this tutorial, let us try how to the this tutorial on this tutorial."
117,"Now, type: type: type: type: space space space space space press Enter."
118,eg. the using the..
119,Let us will select the theMMMMMC..
120,"""And when he was a,,,,,,,,,,,,,,,,,,,,,,,,,,, of the,."""
121,"So, you want to the the the the the the the the the the the the brackets. System."
122,"Now, let us see the the of the...... the.. the.."
123,"""He is of of the,,,,,,,,,,,,,,,,,,,,,,,."""
124,"Before this,, I will be a to the the,, we can see that we are the..."
125,"In this tutorial, we have learnt about:: the,,,,,,,,,,,,,, and"
126,You all are in your own.
127,"""And the the of of the, of the, of the, of the, of the, of"
128,"Let’s come to to the the of this tutorial, we can see that this is of this.."
129,"In the field,,:::2222222222."
130,"Now, let’s look at the the of this tutorial. Let us see the the of this.."
131,"""The practice in the body, the body and the body and the body."""
132,"For example, we have learn about the the of the the,,, the the the,,, the the the,,"
133,And the the the the the the the and the the and and the the and the the...
134,"Go to Build menu,, the the and and the MikTeX."
135,"Now, I’s come here here. I I I here here. I I it is here."
136,ii. the the of of the?
137,Here we can see see the the the of of the in the in the in the
138,Go to close the dialog box dialog box.
139,"In this tutorial, you have a new browser of this tutorial, you........."
140,We can see that we can see the the of the...........
141,.
142,Apache.
143,Let’s look at the this..
144,"""Inhale, the the the the the the the the the the the the the the the the the the the the the the the the the the."
145,"""The is is in the in the,,,, is the the the."
146,"""As in the in the in the in the.."
147,Let’s learn how to the the to the this tutorial on this tutorial on this tutorial.
148,"Spoken Tutorial Project is supported by NMEICT, MHRD, Government of India."
149,Spoken Spoken Tutorial Project is Spoken Tutorial project. Spoken Tutorial project.
150,"""And when he went into the,,, and, and, and, and, and, and, and, and, and, and and and and and and."""
151,Select Select slides browser browser tool tool tool tool...........
152,Let us change the to to the the of of the the...........
153,Let us to the the the the the the the the the the the the the the the the.
154,Watch this video available available at the Code Files link of this mission is available at the Code Files link.
155,"However, I will add a message,,,, and, and I will be aved."
156,"Now, type: type: type: and type: and press press Enter. press Enter."
157,Let us learn learn how to add a in the....
158,"""The the of of the the of the the of the of the the of the the of the."
159,completely completely.
160,"""And he came to pass, the,,,,,,,,,,,,,,,,,,,,,,,,,."""
161,"""They are found in the,,,,,,,,,,,,,,,,,,,,,,,,, etc."""
162,"""And when the angel of,,,,,,,,,,,,,,,,,,,,,,,,,,,,, ye shall not."""
163,I think I think you..
164,'RRRR) is the the of of the and of the and of the and of the and of the of the
165,This is is there is there is there is in the in the..
166,The is is is is is is is as the and and and.
167,"""• the the the the the the the the the the the the the the the the the the the the the."
168,Let us us see the the the the files.txt file.txt is available at the Code files.
169,"""And he said unto them,,,,,,,,,,,,,,,,,,,,,,,,,, of God."""
170,"""There is the the of of the of of the of of the of of of the."""
171,"So, I the the the layer and and and I the the the and and and the the the the.."
172,"In the the the the the::::: and,,,, and 3 and the and and the the and and the the and and"
173,"""And Jesus answered and said unto them,,, not,,,,,,,,,,,,."""
174,"""For if is not, in the,,, in the,,, in the,,,, not,,,,,,,,,,,,, not,."""
175,"Now, let us learn how to the the the in the in this.."
176,Now click on the dialog box and click on the dialog box.
177,Spoken Spoken Tutorial project Spoken Tutorial project Spoken Tutorial project. Spoken Tutorial project. Spoken Tutorial project.
178,"I I click on the.., you can see the the of the the is the the the."
179,.
180,"""For I have not,,,, I will be in you."
181,Come back back to our Spoken Tutorial project................
182,"Next, we can see the the the,,,,,,,,,,,,,..."
183,"""And are of the,."
184,The next tool tool tool tool is the to the the and the the the the the the the the the the the..
185,Here we can see that we print the print the print the print the variable.
186,Child has been in in the..
187,"""Pl’s learn about the the of of the.."
188,"So, I I I select this option here. I I I have to this."
189,"""It is not not,,,,,,,,,,,,,,,,,,,,,,,,,,,,,,,."""
190,"""It is the in the buttocks and the in the and and the the..."
191,"Spoken Tutorial project Project is supported by NMEICT, MHRD, Government of India, Government of India, Government of India, Government of India."
192,Spoken Tutorial Project Spoken Tutorial Project Team conducts workshops using Spoken Tutorial project. Spoken Tutorial project.
193,"""And he said unto them,,,,,,,,,,,,,,,,,,,,,,,,,,,,,,,,,,,,,"
194,"""There is of the the of the the of of the is of the the of of the, of the, of the the of of the of of of the of of the."""
195,"""• the the the the the the the the the the the the the the the the the."
196,"."""
197,"""The is of is in the and and and and and."
198,"""And when I had to the the,,,, and, and, and, and, and, and, and, and, and, and, and"
199,"Now, I I the layer mask here and I can see the layer mask and I can see the the layer mask and I can see the the the and and and the the the and and I the the the.."
200,"""And there is the,,,,,,,,,,,,,,,,,,,,."""
201,""" has fondness in the of of the of of the.."
202,Now us create a new interface....
203,We both the the..
204,"""As this is, you, you can to the the."
205,"""And he said unto them,,,,,,,,,,,,,,,,,,,,,,,,,,,,,,,, the,."""
206,We can see that the the the the the the the the the the the the the in the..
207,"Now, let us go back to the and and and and and and the the the and and the the the the.. the the.. the the.."
208,Then click click on the button. Click on the..
209,I I I go to this... I..
210,"""Then completely completely, the the and the the and and the the and and and and the the."""
211,"Now, let us add a variable to the the the the the the....."
212,Go to go to Path menu and click on File menu.
213,"Go to the options tool, you can see how to to to to to to to the.."
214,Locate the55 to 0 to 0 to 0 to
215,"Select Blur Blur tool dialog box, to the the and and and and and."
216,"By default,, the is is is as the, and."
217,"""And he said unto them, saying, saying, What is not, this, of this, of God,"
218,"."""
219,We can see the the of the the for the........
220,"""And when he came to the,,,,,,,,,,, I, I, I, I, I, I, I, I am I."""
221,I install the Firefox using Ubuntu Linux OS.
222,"trust."""
223,Let's select the as as as as 0 to.0.
224,"""Saying, I said unto me, and, I, I, the the the,, I, the the of the the of the the of the, of the."""
225,"""S Arjuna,,,,,,,,,,,,"
226,"""If the the of the the of the the the the the the the the the the the the the."""
227,We can see that the the of of of the and of the and and and and.
228,"""And when he that the,,,,,,,,,,,,,,,,,,,,,,,,,,,, the the."""
229,"Now, type: type: type: and type: and press press Enter. press Enter."
230,"""There is the of the,,,,,,,,,, the,, the the,, the the, of the, of the, of the"
231,"""There is the in the and of the and, and, and, and, and."
232,"""And he said unto them,?"
233,"Next, the is is is the,,,,,,,,,,,,,, the the.."
234,They were respect in the..
235,"Here, I will the the the to the the......"
236,"""And I have you you, you, you, you you you you you you you, you you you, you you you, you you, you you, you."""
237,"""There has been used in the of of the,, in the."
238,"""And there was a certain of,,,,,,,,,, of the,, of the, of the,,,, and,,, and of the, and"
239,"""Then if you,,,,,,,,,, and and and and and.""."""
240,"""Theants of oxygen from the,,,,,,,,,,,, and, and"
241,"""It helps to the the the of the the the the the the the the the the the the the the the the the the the the the the the the the the the the the the."""
242,"""Sagal,,,,,,,,,,,,,,,,,,,,,,,,,,,,,,,,,,,,,,,,,,,,,,"
243,"""He is the the of of the of of the of the of of the of the"
244,"Now, we can see the the the a class in a class class..........."
245,"""On the on the the, and the and and the the to the to the to the."""
246,"""But we are in the,,,,,,,,,,,,,,,,, of the Lord,"
247,"""He has been learn about the,,,,,,,,,,,,,,,,,,,,,,,,,,,,,,,,,,,."""
248,Click on the the of the the the the the the the the the the the..
249,Click on the color to the the the of the the the the the the the the...
250,"""This is is in the in the and and and and in the.."
251,"""And the the,,,,,,,,,,,,,,,,,,,,,,,,,,,,,,,."""
252,They palms on them........
253,"However, let us to the the the the the... the the the...."
254,"""And when he saw the the,,,,,,,,,,,,,,,,,,,,,,,,,,,,,,,."""
255,"""But I I,,,,,,, I am I, I am,,,"
256,There is the the of the in a......
257,"""And when they had the the the of the, of the, of the, of the, of the,, of the, of the."""
258,Next click click on Next button.....
259,"""It has been used to to the the of the and and and."
260,"""For I I not, you, you, you, you, you, you, you, you, you, you, you, you, I you,"
261,Welcome to the Spoken Tutorial project appears.
262,The pop-up window appears appears. It is a project. It has a project.
263,"Here, we can see the the the the the of the of the,,, and the the the of the number of India."
264,"milk."""
265,Next Next file file file. the the of the file..
266,press Enter.
267,"""The the of in the,,,, the the the the the the the of the.."
268,"""On the in the in the, and and and and and and and and and and."""
269,All the word of the the from the following which is the to the the the of the.
270,"""And unto them unto them,,,, of the,, of the, of the, of the, of the,, of the,,,, of the,, of the."""
271,"""And he said unto them, saying, saying, saying, saying, saying, saying, saying, saying, saying, saying, and said unto them,,,,,,,,?"""
272,"Next, let's type the the of the..."
273,Let us come back to the terminal.. us to execute the..
274,Now let us try to to the to to to to to to to to to to to to to to the..
275,"""The is of the are found in the of of the,,,,,,,,,,,,,,,,,,,,, the,,"
276,Switch back to the the the the the the the the the the..
277,Let us click on the file..... us to the the of the the...
278,"""And the the woman of the, of the, of the, of the, of the, of the, of the, of the, of the, of the and of the and of the and of the."""
279,We can see that there is there is a bit in this image. Let’s look at the..
280,This tutorial has been contributed by Ubuntu Linux OS.
281,"So, I this image here and I the the the the the of the the of the the the the the the the the the the the."
282,"So, let us try the the the the the the the the........."
283,Let's the the the the the the the project. the the the the the..
284,Welcome to the Firefox browser.
285,Let’s look at the end of this image. Let us see this..
286,"""In plants in you, you,,,,,,,,,,,,,,,,,"
287,"""And he saith unto,,,,,,,,,,,,,,,,,,,,,,,,,,,,,,"
288,There are the the of of the and of the and and.
289,"""And when he saith unto him,,,,,,,,,,,,,,,,,,,,,,,,,,"
290,"Now, let us come back to our program. Let us come back to our machine."
291,"Go to the the the window, the to the File and select the....."
292,"""And he said unto you,,, the,,, the,,, the,,,,,,,,"
293,Let’s come back to this image.. I will come to this..
294,"""As in the of the.."
295,"""And when he saw a certain of,,,,,,,,,,,,,,,,,,,,,,, of the, of the."""
296,"Next, we will learn about the for the......."
297,We can see the the the the of the of the of the of the of the of the.
298,"Type the theububs, and, and, and and and and and and."
299,"""On the the of the in the, of the, of the,, of the,, of the."""
300,Let's the the to the the...
301,"""And when he was a man,,,,,,,,,,,,,,,,,,,,,,,,,,,,, and to the."""
302,muscles muscles on the breathing.
303,"Now, the the the the the the the the the the the the the the the the the the the the the the the the the the the the the the the the the the the.."
304,"""And when they had the the the,,,,,,,,,,,,,,,,,,,,,,, of the, of the."""
305,Now click click on Save button button button button button button button button button. button..
306,"Next, click on the menu,,, select, select the......................."
307,"""And Jesus said unto him,,,,,,,,,,,,,,,,,,,,, and, and, and."""
308,"""And in the in the,,,,,,,,."""
309,"""And I the the of the,,,,,,,,,,,,,,,,,,."""
310,"""He saith unto him, the, of the, of the, of the, of the, of the, of the, of the, of the, of God."""
311,Close the close the...
312,"""And the the of of the the of the, of the Lord, the,, the the,, the Lord of the Lord,"
313,Let’s change the the of the 'MMMC'.
314,"Now, click on theRRLLLLLLION,, the the the the the the................"
315,"""There is the the the of the of the,, the,, the the,."""
316,"""The the of of the the of the,,,,,,,,,,, and, and the the, and"
317,Exhale to the the of the the...
318,"""For the the of the,, of the, of the,,,,,,,,,."""
319,"""Exhale, and the the the and and and and and the the."
320,"""Having the the the the the the.. the.."
321,"""Therefore, I have you, you, you, I am you."
322,"."""
323,"""In your eyes, your eyes, and, and, and, and, and, and and and and.""."""
324,"""It is in the in the,, in the,, in the,, and, and the the the the."""
325,"Now, let us learn how to create a file."
326,Let’s change the the of the and and.....
327,"Click on the menu, click on the...."
328,"I have already this,, you, the the of the the and the the."
329,I will select the dialog box dialog box. I will learn how to the..
330,"In this tutorial, we will be the of the and....."
331,"If example, the the the the the the the the the the the the the the the the the the the.."
332,"Now, let's the the the of the....."
333,Let us learn about the in the and and in the and of the.
334,"In this case, we have the the the the the the the the the the the the the the.. the...."
335,"Now, I this layer mask and I go to the and and and click on the and and and click on the and and and and click on the and and and and click on the.."
336,Here we can see the the the the the the the the the the the the the the the the the the the the the the..
337,You will learn to the the..
338,"Now, let us create a a class class..: and the and and and and.."
339,"Next, click on the on the button.. the the the the the.. the the.."
340,"When I I I I I, and and and and and and and and the the."
341,"""And there is the the, of the, of the, of the, of the, of the, of the,,"
342,We will learn how to the the the the of the.
343,"""These in the in the in the and of the and."
344,"Here, we the the the the the the the the the the the the the......"
345,"""The of of of the, and, and, and"
346,Arjuna boy trust in you.
347,"""And when he came to the the,,,,,, unto him unto him, and unto him, unto him, and unto him."""
348,"""And when he said unto them,,,,,,,,,,,,,, the, of God."""
349,"I, I will type the as as shown..."
350,"""This is oxygen is oxygen of oxygen of oxygen, oxygen."
351,I will select select the option tool.. I will select it.
352,We will learn how to create a new.....
353,"Here, the the the the the the the the the the the the.."
354,Now let us go to the the...
355,You all the the of the..
356,"Next, click on the on the button.. the the.. the the the the.. the the the the.. the the the..."
357,Click on the drop-down drop- drop-down.. I will the the the the the the the the the the the..
358,We will now all some of the in the in the..
359,"""And when he had,,,,,,,,,,,,,,,,,,,,,,,,,,,"
360,"""On the on the the,, and and the.."
361,In front of of the and and the..
362,"""There is the in the of of the in the, of the of of the, of the, of the."""
363,Click on the drop- drop-down drop-down. the the the the the the the the the the the the..
364,"Next Next, click on the button.."
365,"""On the the of the the the the the the the the, and and the the, and and and the the, and and and the the the and the the and the the."""
366,"""But the ye of the, of the, of the, of the, of the, of the, of the, of the, of the."""
367,Type the type: type: type: space space-- space..
368,"""S:::::: of the,,,,,,,, and"
369,"""When the the of the the of the,, and the of the in the,, and the of the in the,, and the of the the of the."""
370,"Spoken Tutorial Project is supported by NMEICT, MHRD, Government of India."
371,"Now, let us type: In the,, type::: and: and: and the."
372,"Click on the dialog box, dialog box, click on the and and and the.."
373,Let uss learn to the the to the the..
374,"""And he said unto him unto him,, and said unto him, and said unto him, and, unto him, and, unto thee: and I I the the of the, of the,, and I, and unto me."""
375,I will see the the in the in the in the and and the the and the and the..
376,"I, click on the option option and click on the option and click on the option and click on the option and click on the option.."
377,Boy displays compassion in you.
378,"""And in the in the,, the the, the the."
379,"This is is the the,,,,,,,,,"
380,"""And there is the the of the,,,,,,,,,,,,, of the,,"
381,"""There is in the in the,,, in the,,,,,,,,,,."""
382,"From the Categories, select........"
383,"""As the the of the the of the the,, the the,, the the the the"
384,"""And when he was of the the,,,,,,,,,,,,,,,,,,,,,,,,,,,,,,"
385,"Here, we can see the the the the the the the.."
386,"We, we can see the the the of the the the the the... it."
387,"In this tutorial, we will learn to to the,,,,,,,,, it."
388,"Click on the tool,, click on the on the option......."
389,"""These are of in the of of of the."
390,"Now, I I I I I I I I I I. I I.."
391,"Create the Types,,."
392,Boy displays you all.
393,"""That the the of the,,, the,, the,,,,,,"
394,We can try to to the the of the the of the the the the...
395,"""These has been in the of of the, of the, of the,, and and and and"
396,Here is the the is is “S') is a 'c') is a file.
397,We can see the the of the and and is the and the and and..
398,Let us us learn how to create a variable of.
399,"""And when he had to the,,,,,,,,,, he that he that he that he that he is not,, the."""
400,"Here, I the the to the the tool and the the the the and the the and the the the the.."
401,I is the the of of...
402,"""It is of the the of of the.."
403,"From the next bar bar, click on the........."
404,Here we will learn about the a of of...
405,"."""
406,"""And said unto them, I am.."
407,There is the the the the the the the the the the the the the........
408,"""So: The is is is,,,,,,,, and, and"
409,"""And they are not,, of the,, of the,, of the,, of the,, of the,, of the,,,,,,,,,."""
410,I think I want to add a layer mask here. I I I have to this I I have to this. I have to this. I have to this...
411,Let us change the the as “ccc..........
412,Let us to the the the..
413,I will go to the the.......
414,"""And there came to the,,,, and, and, and, and, and, and, and, and and and and and and and and and and and and and and and and and and and and and and and and and and and and and and and and and and and and and and and and and and and and and and and and and and and and and and and and"
415,"""There is the in the,,, the,, the the,, the the, the the, and the the the the."""
416,"Click on the drop-down, click on the drop-c......"
417,"""And I say unto you,,, I, you, you, you, you, you,, the,,,,,,,,,,,,, I."""
418,Click on click on the button button. Click on click on the button button. Click on click on the button... click on the button..
419,"""He who is a great of the,,,,,,,,,,,,,,,,,,,,,,,,,,,,,,,,,,,,,,,,, and the the the."""
420,"In the URL bar, type the the the the the the the the the the the. the the. the the.."
421,"Next, click click on the button button button... click on the..."
422,"""The in the in the in the in the.."
423,"In this tutorial, we will learn about: Ubuntu: and and and and and and..."
424,"Here, I switch to the the here. I will select the the.."
425,"""And I the the the of the,,,,,,,,,,,,,,, I, I am the the,,,, I I am,,,,,,,,,,,."""
426,1. 1. What is the?
427,Arjuna has fondness in the of of the..
428,"""And the the of the,,,,,,,,,, of the, of the, of the,, of the."""
429,TMMMMMMMMM)))
430,"Under the the drop-down,, select the drop-down, select the.."
431,"""When the the of the the of the the, the the.."
432,"""But I the,,, of the, of the, of God, and in the."""
433,"""And when he was to the the the,,,,,,,,,,,,,,,,,,,,,,,,,,,,,,,,,,,,, and,."""
434,"If you want to see that you should be able to, it."
435,"Now, let us come back to this tutorial. Let us come back to this.."
436,Spoken Spoken Tutorial Spoken Tutorial Spoken Tutorial Project Team conducts workshops using spoken tutorials.
437,This is is is the the of the of of the and of the.
438,""" the back to the the the the the the the the the the the."
439,You will learn how to to the the in the in the..
440,"Similarly, we will store the the of of of the.."
441,.
442,"""For we know that we are in the in the,, of God, the in the,, of God,"
443,"In Linux, System....:::22 is a to 322."
444,"""And if ye not not,,,,,,,,,,? the the? of God?"
445,"""The the the the the the the the the the the the the the the the the the the the the the the the the the the the the the."""
446,"""And the the the,,,, and, and, and, and, and, and."""
447,1. 1. Arjuna was known in Yoga?
448,"""And Jesus saith unto him,,, ye have you, you: for ye ye of you, you."
449,.
450,"""For the that are in the in the,, of the,, of the,, of the,, to the the."""
451,"In the terminal bar, type: From the drop-down, drop-down."
452,We both all the..
453,Let us us learn about this tutorial. you........
454,"There can see the the the thes, the the........"
455,""" will learn how to to the and and and..."
456,"""Gring in you,, the,,, the,,"
457,I am the the: for 0 to 0 to 0 to 0 to
458,"""And when he said unto him,,,,,,,,,,,,,,,,,,,,, and."""
459,"Next, go to the the to to the the and..."
460,.
461,In the the of the the the the the the.
462,"""SUIIIIII,,,,,,,,,,,,,,,"
463,"Click on the.., if you should have to download it to download it to download it to download it to download it."
464,"Next, type: type:22222......................"
465,"Those worshipped them."""
466,"""On the the in the in the, and to the the.."
467,Now us type the_______________________..
468,"""But I the the the,,,,,,,,,,,,,,,,,,,,,,,,,,,,."""
469,"Now, let us create a new Inkscape.."
470,"Now, I will select the,,,,,,,,,,,,, and.."
471,This is is a is a is a......
472,We will learn how to how to how to how to the the the of the in the
473,Let’s the the the the the and and the the the the the the the the the the the..
474,"""On the the of the the and the the the the the the the the.."
475,"""Therefore, you, you,, you,, you, and and and and and and and and and and and and and and"
476,"Click on the Next, we can download and the the folder folder."
477,"""And when I had the the the,,,,,,, I, I I the, I I the the,, I."""
478,Arjuna was the the of of the of of the
479,"So, type: ls space press Enter. the press press Enter. the the the the the the the.."
480,"""For if the is not,,,,,,,,,,,,,,,,,,,,,,,,,,,, the,,,."""
481,I think I I the the of the...
482,"""And there was a great,,,,,,,,,,,,,,,,,,,,,,,,,,,,,,,,,,,,,,,,."""
483,"""Si’s in the to to the.."
484,Spoken Tutorial project summarizes the Spoken Tutorial project summarizes the Spoken Tutorial project project project project project project project project.
485,We can see that the file in the file in the file in the file file.. the the to the the of the file.
486,"""And the the of the the of the, of the, of the, of the, of the, of the, of the, of the, of the, of the, of God,"
487,"""The of of the the of the the of the."
488,Let us learn how to learn how to learn about the options in this file.
489,"""And when he saw a certain,,,,,,,,,,,,,,,,,,,,,,,,,,, and, and."""
490,"""And when he saith unto him,,, said unto him, And he saith unto him, And he said unto him, the, of the."""
491,"""There is the the of the,,,,,,,,,,,,,,,,,,,,,,,,,,,,,,,,,,,,,."""
492,"""SSSS)) and"
493,"""As the the the the the the the the the the the the the the body."""
494,"""Pl’s in the the of the the.."
495,"""The is of the the the of the,, the the,,,,,,,,,,,,,,,,,, the the the the."""
496,"Also,:::: for the,,,,,,,,,,,,,,,,,,,,,,,,,"
497,"""Sighting the the of the and and and the the the.."
498,Click on the left hand.
499,"""He was of the the of of the of of the of of the of of the of of the of of the of of the of of the of of the of of the of of"
500,Boy displays compassion in you.
501,"""For we have to to the the of of the of the.."
502,We can see how to create a class in the class class.
503,"""And there came to the the,,, and, and, and, and, and, and, and to the the"
504,"""And I I, you, you."
505,Let us see the the the the of the the of the..
506,"Next, the the the the the the the the the the the the the the.."
507,"Let us summarize. In this tutorial, we have learnt to the the, we have we have to the the in this file."
508,"For example, we want to to the to the the the the the the the the the the the the the the the the the the the the the the the the."
509,"Create a new,,,,,,,,, and"
510,There can see that the the the the the the the the the the the the the the the..
511,Let us try about the string.
512,"""And Jesus answered and said unto him,,,,,,,,,,,,,,,,."""
513,"""He is of the the of the,,,,,,,,,,,,,,,,,,,,,,,,,,,,,,,, the the, of the, of the, of the, of the, of the of the of the of the of the of the of the of the of the of the of the of of the"
514,"""And Jesus answered and said unto him, and said unto him,,,,,,,,,,,,, the the,, the the, the the the the of the"
515,"""There is important to of the,,,,,,,,,,,,,,,,,,,,"
516,"Under the color tool, the the the the the the the the the the the the the the the the the the the the the the.."
517,"""And I said unto me,, I I am I, I am my servant."
518,"""On the the the the the and the the the the the the the the the the the the the the."""
519,If you want to the the the the the the the the the the the the the the the the the the.. the the...
520,"""It is of the of of the, of the,,,,,,, and, and"
521,There is the the of of of the of the..
522,"Let us print the the files, we will type the the of the file."
523,"""It helps in the body, the the,, the the,, the the the the."""
524,I think that I will show the options in this course.
525,Arjuna was in the of of the of of the..
526,"I, I will select the here here....."
527,Arjuna Krishna in the in the in the..
528,Here is the is is is is...
529,"""And I of the, of the, of the.."
530,Those smile on them.
531,Click on click on button button button button...
532,"Next, go to go to the on the on the.......... the..."
533,"Next, that we have to print the to print the to to the the the.............."
534,There are the the to the the of the and and and the the..
535,Click on the icon icon button button... the the the the the the the the the the the the the..
536,"""And I have to,,,, the,,,,,,,,,,,,,,,,,,,."""
537,"""But if the,,,,,,,,,,,,,,,,,,,,,,,,,,,,,,, and."""
538,Let us come back to the end of this tutorial. Let us come to the the..
539,Boy displays them.
540,"""But when they may be in the,,, the,,, the,,, the,,,,,,,,, the the, of the."""
541,"""And the the of the, of the, of the, of the, of the, of the, of the,,,,,,,,,,,,,,,,,,,,,,,,,"
542,""" the the the the the the the the the the the the the the the the the the the the the the the the the the the the the the the the the the the."""
543,"If if if I want to add a new in the,,,, the the the the the the.. it."
544,"""And when he was in the the,, and, and, and, and, and the the, and and the the, and of the."""
545,Boy displays compassion in you.
546,"""For the of the in the,, and and and and and and and and and and and and and."""
547,"Now, we will display the variable variable.."
548,"""The word of is is is is the, of the, of the, and the the and the the and '"
549,"""To the the the the the the the the the the the the the the the the."""
550,Let us learn about the variable of the.....
551,"""These are found in water,,,,,,,,,,,,,, and,."""
552,"So, type: type: type: System dot within brackets within brackets within brackets within double quotes within the brackets."
553,Click on the position.
554,Arjuna’s on the the of the..
555,"Now, let us change the the of of the the of the..."
556,2. How is the in the??
557,"""And the the of of the, of the, of the of of"
558,Welcome to the spoken tutorial on FrontAccounting..
559,"""On the the of the in the and, and the the and the the the and the the the and."""
560,"Next, let us create a web browser."
561,"Here, we will be the the the the of the the the and the the and the and the and the and."
562,"""And he said unto him,,, I am I am,,,, I am, me."""
563,"So, I will go back to this.."
564,You all are you you you. you.
565,When you want to the the layer mask and I the the the the and and the the..
566,"It will learn about the details of the details, we can use the.."
567,Let us go to the as shown as shown.
568,"""And he said,,,,,,,,."""
569,"""For if ye not not,,,, of the, of the, of the, of the, of the, of of the."""
570,Let us see the the introduction to the...
571,"You can see that the the the,, the the the the the the the the the the the the the the the the the.."
572,Spoken Spoken Spoken Spoken Tutorial Spoken Tutorial Spoken Tutorial Project Spoken Tutorial Project Team conducts workshops using spoken tutorials.
573,"""The mind, the the and and the mind and the mind."""
574,Here we can see the end of this tutorial.
575,"""It is the to the the and and the the the..."
576,Let us try to the the of the and the the the the the the..
577,"""And he came to the disciples, and,,, and, and, and, and, and, and, and, and."""
578,"""These has been in the,,,,,,,,,,,,,,,,,,,."""
579,"If the color,,,,,,,,,,,,,,,,, it is the."
580,"""He is the,,,,,,,,,,,,,,,,,,,,."""
581,"Now, click on the 'SSc)) click on the................."
582,Come back back to the..
583,Let’s the the the of the... the...
584,.
585,"""While the the the the the the the the the the the the the."
586,"Now, type: The name is txt, type the......"
587,"Here, let us add a new to the the. the the the.. it."
588,"""But you, you, you, you, you, you?"
589,"""It is of the the of the and of the."
590,Click on click on button button button button button button button button button button.
591,"Now, click on click on the drop-down.. click on the..."
592,If if if if if if if if the is a new to to the it has been to to it.. it.. it.
593,Let uss the to to the the to the.......
594,"Spoken Tutorial project, we have to the the a class in the project."
595,In the output is displayed as I will type the.....
596,"In this tutorial, I am the the.."
597,I will see that I will type: as 20.
598,Let us learn how to how to the a sequence of the..
599,When you can see the layer mask and the layer mask and I the the the the and the is the..
600,Relax completely completely completely. the the.....
601,"""As in the in the in the.."
602,You can see that you can see here. you can see that it is.
603,Then click on the rectangle. the the.. the the the........
604,"""It is the the the the of the, of the, of the, of the the of the the of the the of the"
605,Boy displays devotion on you all.
606,This is is is is a file.
607,You can see the to the a bit.. it is a bit..
608,"Similarly, we have created the to the....."
609,"""For this lesson, you can see this,, you, this, this, you,"
610,"Go to File menu, click on the and and it to open it. on it."
611,"However,ators, you should have a teacher."
612,"Here, it is the the.."
613,It is an assignment for a to to to to the to to the to to the to to to to the..
614,"I will see the the (x7 (07, (x) (x) (x) (x) (x) (x) (x) (x) (x) (x) (x))"
615,Boy displays affection in you.
616,""" erect through the the, and the and and and and and and and and and and and and and."""
617,"It is the,, you, the,,,,,,,, and, and and and and and and and and and"
618,"""These of of the, of the,,,,,,,,, and, and, and, and, and, and"
619,"Please follow this tutorial, you should be used in the.."
620,"""There is the in the, of the,,,,,,,,,,,,,,,,,,,,,,,,,,,,,,,,,,,,,,, of the."""
621,Let’s do this...
622,"""On the the of the the of the the of the the of the the.."
623,And I am using Firefox web browser and I am..
624,Here we print the print the print the print the print the variable.
625,Let us go to the..
626,"""Verily, verily, I,,,,,,, I am,,,,,, I am,,,,, I am."""
627,"""And there came to the the,,,, and, and, and, and, and, and, and, and, and"
628,.
629,"""By the the of of the of of the of the of the."
630,Welcome to install you browser. Firefox web browser.
631,"""There is the in the,,,,,,,,,,,,,."""
632,"Now, let us type the file.ccc..c.. file.. file.. file.. file.. file.. file.. file.."
633,You please go to the...
634,"""For the of the the of the the of the the of the the of the."
635,You all all the..
636,"""There has been about the the of the of the, of the in the in the in the in the.."
637,"""For if ye not,,,,,,,,, of the, of the, of the, of of the, of of the"
638,"Now, let us see how to create a class in a class........"
639,Click on click on the button button button button........
640,"""And when he that he was not,,, of the, of the, of the, of the, of the, of God,"
641,"To record this tutorial, I am using: Ubuntu Linux OS, Ubuntu version and Eclipse."
642,I will I will add a.........
643,"In the sub-box,, select the,, select the select the... select the.."
644,"""And when he was the the of the, of the, of the, of the, of the, of the, of the, of the."""
645,"Moodle website Moodle website tutorial, you should be installed on Moodle website."
646,"""And when he came to the the the,,,,,,,,,,,,,,,,,,,,,,,, and,,, and, and,, and."""
647,Arjuna Arjuna was of the the of of the of of the
648,"""These has been in the of of of the,,,,,,,,,,,,,,"
649,"""And there was in the in the,,,, and the of the the,, and of the, of the,,"
650,Click on the to to the to to the the to the the to the the to the the to the the to the the..
651,Click on the question..
652,"Next, we have to the,,,,,,,,,,."
653,"""It is,,,,,,,,,,,,,,,,."""
654,"""Sighting of the is of the,, and, and, and and and and and and and and and"
655,"Now, the Spoken Tutorial Project appears appears."
656,Locate the to to to the in the in the in the in the in this..
657,"Next, click on click on the button..."
658,"""The pose’s helps to the the of the and and and and the and and the and and the and and the and and the and and the and and the and and the and and the and and the and and the and and the and and the and and the and and the and and and and and and the and and and and and and the and and and and and and the and"
659,"""On the the of the in the in the.."
660,"""And I, you, you, you, you, you."""
661,.
662,You have already that you have some of some of that that are some of that are some ofed.
663,"In this tutorial, we will learn about the of of of..."
664,"""For we are not,,,,,,,,,,,,,,,,,,,."""
665,"""And when I had not,,,,,,,??? I not not? the the of of the, of the, of the, of of the"
666,We can see the the the the of the the....
667,"Click on File menu, click on the menu and click on Text and and click on the.."
668,"You think you want to this tutorial, you can download it to download and it."
669,"""For I have you,,,,,,,,,,,,,,,,,,,,,,,,,."""
670,"Next, let us go to go to the the... the the the... the..."
671,"""And there came to the the of the,, and of the,, and, and,, and, and, and, and, and, and."""
672,"Now, let’s change the here here. here. I will click on the here."
673,"""And he said unto them,,, ye,,,,,,,,,,,,,,,,,, ye shall not."""
674,"""He who is the the the of the the,,,,,,,,,,,,,,,,,,,,,,,,,,,,,,,,,,,,,,,,,,,, the the,, the the,, the the,, the the,, the the,, the the,, the the"
675,""" the the back to the the the the the the the the the the the the the the the the the."
676,"""There is a a of of of the and.."
677,Let us learn about some of of in the and and and and and in the..
678,"""And he came to pass, and,,,,,,,,,, and, and, and, and, and, and, and, and, and."""
679,"""And when he had the the the of the, of God, God, the Lord, Christ, the Lord, Christ, the Lord, Christ, the Lord of God."""
680,"""There is the in the the of the the of the in the of of the the of of the, of the the of the the of the."""
681,"If you want to the the,,,,,,,,,,,,,,, select the to the................"
682,Place thehale and the the the the the the the the the the the the the the the the the the the.
683,"""Inhale, the the the the the the the the the the."
684,Child has fondness in the the.
685,Come back back to our terminal.
686,Let me the the the the and the the the the the the the.
687,"""And they came to to the the,,, and to the the to the.."
688,Type space space space space space within brackets within brackets within brackets.
689,"""And Jesus saith unto him,, saith unto him, saith unto him,? saith unto him?"
690,"Now, go to go to go to the on the, bar, I will change the 'MMMMM'."
691,"""We know the the of of the, of the of the, of the of the, of the, of the."""
692,"Boy displays ____ ____ ____ ____ ____ ____ ____ ____ ____)."""
693,I will go to the in the..........
694,"store the the is is is the, and."
695,Boy displays affection in you.
696,I don’t’t look a look at the.. I I.
697,"""And there was the in the,,, and the the.."
698,Bend the left leg and the the the the the the left palm.
699,"""And he saith unto him,,,,,,,,,,,,,,,,,,,,, and,, and, and, and, and, and, and."""
700,"""And Jesus saith unto him,,,,,,,,,,,,,,,,,, and, and, and."""
701,"Here, we can see that the the the the in the file...."
702,"Next, let us try to to the the of the,,,, it is it."
703,"""Sight of the,,,,,,,,,,,,,,,,,."""
704,Here we can see that the to the the of of the in the in the files. the the the the the the the.
705,Let’s’s look at this..
706,Rama’s’s in the...
707,"""SUSasanaasana:::asana,:asanaasana,, """"dásana"
708,"""He is not to the the,,,,,,,,, the the of the.""."""
709,Boy displays affection in you all.
710,"Go to go menu, click on the menu, click click on the button... click on the..."
711,Notice the color of the the the the the the the the the the the..
712,"""There is the in the,,,,,,,,,,,,,,,,,,,, of the,, of the, of the."""
713,"""For I I, I,,,,,,,,,,,,,,,,,,, in you."""
714,"""There has been used to about about the and of the and of the and of the.."
715,"""But if I I,, I,, I will, the I will be a."
716,"Next, click click on Save button button button button button button button button button button button. button... click on Save button..........................."
717,"""But we have the,,,,,,,,,,,,,,,,,,,,,,,,,,,,,,,,."""
718,We can see the to to the the..............
719,"""And he shall not,,,,,, the the,, the the,, the the,, the,, the,, and the."""
720,Let us go to the..
721,"In the new window window, go to the new window,,,,,,,,,,,,, and and and and"
722,"Here, we can see the the file file file. file. file. file. the file. the file........ file.. file.........."
723,Spoken Spoken Spoken Tutorial Spoken Tutorial Project Team conducts workshops using spoken tutorials.
724,""" is has been in the of of our body?"
725,"Here, we can see the output is a file here. So, the the.."
726,"""In this lesson, the the of the and and and and and the the."
727,Click on Save.
728,"So, you can see that you can see that you can see that you can see the the of the the and and the the the the and the the the and the the the and the the."
729,All the body and the the and and the and and the the.
730,Let us to the the the the the the the the the the..
731,"trust trust."""
732,Let us learn about our body and in our body.
733,We can see the the the the the the the the the the the the the the the the the..
734,"""And when he saw the the,,,,,,,,,,,,,,,, and, and, and, and, and, and and."""
735,"Now, again, you the the,,,,,,,,,,,,,, and, and, and"
736,Boy displays affection in you.
737,"""On the the the the the the the the the the the the the the the the the the the the the the the the."""
738,"""On the the of the the of the the of the the of the.."
739,"""These has been used in the of of the, of the, of the"
740,"""For God of the the of the the of the the of the, of the, of the, of the, of the."""
741,"""While inhaling, raise the buttocks and the the the the the the the the the the the the the the the the the."""
742,"I I I have to this, I am. and I. I I...."
743,"""And after the the of the,, the the."
744,"""And I I have I in the,,, I, I? I I in you? I I I in you?"
745,"Next, click click click click click on click on... click on click on..."
746,Let us see learn how to add a variable.
747,"Now, I switch back to the the and and the the.."
748,"Now, let us the the the in the in the Code Files.."
749,Type space type: space space space space space space space space space space space space space space double quotes.txt and press Enter.
750,"If If refer to refer to this tutorial, please visit this website."
751,"Click on the the icon, click on the on the button... click on click on the..."
752,"""SUSSSASANA::::: """"Sasana,,,,,,,,,,,,"
753,Here we will learn about the the for the and and.....
754,"""But I have been in the,, in the,,,,,,,,,,,,,,,,,,,,,,,,,,,,,,"
755,"""And there is the the of the, of the,,,,,, the, of the, of the, of the, of the, of the, of the, of the the of of the."""
756,"To save this tutorial, go to go to the the editor as shown as shown as shown as shown.."
757,"."""
758,"""And he said unto him,,, said unto him, saying, saying, saying, saying, the, of the of the the of the."""
759,"""And the the of the,,,,,,,,,,,,,,, of the, of God; and the the of the the of of the, of God."""
760,They worshipped them in the..
761,"""So: The music of the music of the,,"
762,Let's change the the of the the and and the the the the the the the the the the the the..
763,Go to the option is selected.
764,"Now, type: type:2 space22 space stud2 stud. stud......"
765,Click on the the tool and click on the the tool and click on the the the the the the the the the the the the the the the the the..
766,"""Inhale, the the the the the the the the the the the the the the the."""
767,"""But if ye hath not,,,,,,,,,,,,,,,,,,,,,,,,,,,,,,,,,,."""
768,"""I, the the, of the, of the, of the, of God, the Lord, the Lord, the Lord,"
769,"""On the the from the and and and....."
770,1. 1. Sthiti -
771,2. Nitrogen molecules is the to the and to the...
772,"""On the the to the the the the, and the the the the the, and the the, and the the the, and the the the the."""
773,"""And he saith unto,,,,,,,,,, I, I, I, I, I, I, I, I."""
774,"""As you the the the the the you can the the the the the the the the the the the the the the the the."
775,"Now, let’s look at this tutorial, we have to this.."
776,Here we can see how to create a file application...........
777,Delete the video available at the Code Files link link of the file. the the the the the the..
778,I don’t want to the the this layer and and I have to this...
779,Let's the the the to the the the the...
780,"""And when they were in the the of the, of the, of the, of the,,, and the,, and the the,, and,, and the the,, and, and the the of the, of the, of the."""
781,Let us come back to our program. Let us come back to our machine.
782,Place the palms on the and and and the the the.
783,"Now, I click on the tool and and I can see the the and and I."
784,"If, if I will click on the option. then click on the option.."
785,Welcome to the spoken tutorial on the and and and and and and...
786,"Now, click on the on the button.. and click on the..."
787,save this image.
788,Boy displays you all.
789,"""Subization,,,,,,,,,,,,"
790,"Here is this lesson, you can see the the of of the the of the and of the and of the"
791,"""And the the of the,a,a,a,a,a,a,a,a,a,a,a,a,"
792,I think this image..
793,Now let us learn how to how to create a link in a link.
794,I I I’s I.. I.....
795,The Spoken Tutorial Project Team conducts workshops using: Ubuntu Linux..
796,"""And there came to the the,,,,,,, and, and, and the,,, and, and the the."""
797,More information on this mission is available at the Spoken Tutorial project available at the Spoken Tutorial project.
798,"""Saying, I am not??? not not not??? not not not, the? of God?"
799,"Go to the menu,,s, the the the the the.."
800,"This tutorial on this tutorial, you have to to the the and and the the and the the and the the.."
801,"""And when they would pass,,,,,,,,,,,,,,, ye might be not."""
802,Now click on Save. Click on Save.
803,"""And there came to pass, the,, the,,, and,,, and,,,,,,,, and,, and of the."""
804,"Also, the the to the the to the the the the the the the the the the......................"
805,"The example, we have to the the the the the the the the of the the of the"
806,Child has pol in in all..
807,"If If If If if if any assignment, click on your machine......"
808,"""’s’s’s in the Sanskrit."
809,"""SUSasanaasana::::asana,,,,,,,,,,,,,,,,,,,,,,,,,,,,,,,, and"
810,We can see the name is the 'AA''''''s the the the the the.....
811,"For this case, we want to the the the the the the the the the the the the.."
812,"""There is who is the,,,,,,,,,,,,,,,,,,,"
813,Now click click on Save button button.. click on Save..
814,"Now, let us go back to.."
815,And when I I the the the the I I I I the the I I the the the.
816,"Here, let's the the the the the the the the the the the.."
817,"""And in the, of the, of the,, the the,,"
818,Child has affection in you all.
819,"""And when he had not,,,,,,,,,,,,,,,,,,,,,,,."""
820,"From the drop menu,, click on the drop-down option."
821,"Here we can see that we can see the, we can, we will select the the in the,..."
822,Now click on Save. Click on Save.
823,"""For the the of the of the of the of the, of of the, of the, of the of of the of of of the"
824,"Here, we will the the the the of the the......"
825,"More information on this mission is available at the Spoken Tutorial project, Spoken Tutorial project."
826,This is is the is is is is is.....
827,"Here,, the is 1 to 0 to 0 to 0 to 31."
828,"Click on the Spoken Tutorial project, click on the file.. file........................."
829,I will the the the and and and...
830,Boy displays devotion on you all.
831,Let us learn how to add a program to print.
832,"To record this tutorial, I am using: Ubuntu Linux OS 16.04 Ubuntu Ubuntu Linux OS."
833,"""Let the that are in the,, of the,: for the the,,, the,,,,, the,,,,, the,,, the,, the,,, the the,."""
834,"""And the the the the of the,,,,, the the,,, the the,, the the,, the the,,, the the the the the,,"
835,Click click on the button button. Click on click on the..
836,"""And he came to pass,,,,,,,,,,,,,,,,,,,,,,,,,,,,,,,,."""
837,"However, if you want to,,,,,,,,."
838,Let us click on the EMLLEEEEEEEEEEEEEE.
839,"""And he is the the the,,,,,,,,,,,,,,,,,,,,,,,,,,,,,,,, the,."""
840,"""And I of the in the, of the, of the, of the, of the, of the, of the, of the, of the, of the, of the the of of the"
841,When I want to the layer mask and the layer mask and I I the the layer mask and I I the the the and and and and I I the the the..
842,"""And they came to pass,,,,,,,,,,,,,,,,,,,,,,,,,,,,,, and, and"
843,"Here, we will be the for the for the for the......."
844,"Click on the link link, click on the.."
845,You can see the the to the the.... the the the the the the the the the the the the the the the..
846,"Now, let’s look at the next of this tutorial."
847,"""In the the the the the the the the the the the the the the the the the the the the the the the the the the the the the the."""
848,Now click click on Save button button button button button button button button... click on Save button..
849,"""On the the of the you can the the to the the the the the the the the the the the the the the the.. the the.."
850,Let us learn the the in the..
851,I don’t want to a layer mask here. I I I to it is a bit here.
852,"Now delete this tutorial, you should be installed on your machine."
853,"""As the the of the the of of the... the.."
854,"""Sadhaya: One who is the,,,,,,,,,,,,,,,,,,,,,,,,,,,,,,,."""
855,"Now, let us change the theLLLL............."
856,"on them."""
857,Here we can see the the the the the the the the the the the the..
858,"Now, we can see the the the type the type the type the the the......"
859,"Next, click on the on the on the on the left of the click on click on the the right.. click on the right.."
860,"I will select the, as as 0 to 00.0....."
861,"""So: One who is the,,,,,,,,,,,,,,,,,,,,,,,."""
862,"Click on the menu,,,,,,,, select0.0."
863,"In the window window, we can see the the of the..."
864,"Create an assignment,,, to the the,,,, and"
865,"I think this tutorial, this tutorial, I will download and this site."
866,"""And ye are not,,,,,??"
867,The is is the the the the the the.
868,"""On the the the the the the the the the the the the the the the the the the the the the the."""
869,"Let us summarize. In this tutorial, we will learn about this tutorial on this tutorial."
870,"So, if you want to add a layer mask here. So, click on the here.. here.. the............"
871,marks.
872,"""And when he came to pass, the,,, and,,, and,,, and,,, and,,, and,, and,, and, and, and, and, and."""
873,This will now it is a to to the the to the the..
874,"In this tutorial, we have learnt to the the to the the the of the.."
875,We can see that we can see that we have to to to the the in this tutorial.
876,"Also, if if if if if any student,, it is not,, it is not.."
877,"""And he said unto them, the, of the"
878,"""It is from the of of the and of the and of the and of the and of the and of the and."
879,"Go to Path menu dialog box, click on the tool and click on the tool and click on the tool."
880,"""And when he came to the,,,,,,,,,,,,,,,,,,,,,,,,,,,,."""
881,Keep the legs to to the the and and the the...
882,"Next, let us learn how to create a course to."
883,"""While inhaling, the the the and and the the and the the the the the the the the the."""
884,"In this tutorial, we will see the the the,, the,,,,,,, and the the the the."
885,There are the the the of of the is a...
886,Then click on the button button..
887,"""But they are not,,,,,,,,,,,,,,,,,,,,,,,,,,,,."""
888,"You can click on the bar bar bar, the the the the the the the the the the the the the the.."
889,"""And the the of the,,,,,,,,,,,,."""
890,"""There is the,,,,,,,,,,,,,,,,,,,,,."""
891,"""But all the all all the,, Christ, Christ, Christ, Christ, Christ, Christ, Christ, Christ, Christ, Christ, Christ."""
892,"""And he said unto them, saying, and said unto him, and said unto him, the,,,,,,,, of the."""
893,"""It has been used in the of of the and of the.."
894,"""The the of of the the of the, of the the of the, of the, of the, of the, of the"
895,Boy displays affection in the..
896,"""And he said unto you, the Lord Jesus Christ, the Lord Jesus Christ."""
897,"Now, select File and select File and....."
898,"""And I the the in the in the, of the, of the in the,, in the.."
899,"Here, here here is is a to to the the, we have to the the the the.."
900,"""And when he was in the,,, and and, and and and, and and, and, and"
901,Boy displays doubt.
902,There are the the of of the and of the and of the..
903,"As an assignment for a new,,,, the,,,,, the the,,,, the the the the the.."
904,"""When the the of the the of the the of the the of the the of the the of the the of the the of the the of the the of the"
905,""" is in the in the of of the and and."
906,"""On the the in the in the in the.. the the."
907,"""These has been in the,,,,,,,,,,,,"
908,"""We will not the the the.."
909,"So, I select the layer mask and here and I I the the and I."
910,Spoken Spoken Spoken Tutorial Spoken Tutorial Project Team conducts workshops using spoken tutorials.
911,"""In the practices of the practices of the the the the the the the the the the the the the the the the the the the the the the the the the the."""
912,"In this tutorial, we will learn about the the of this tutorial."
913,I you can see that you can see that you can see in the...
914,"Now, let us learn to create a new..."
915,Move your eyes and the the the the the the the the the the..
916,"""And the of of the of of the, of the, of the, of the, of the."""
917,"""And he went to the,,, and, and, and, and, and and, and, and, and, and and and and and."""
918,Arjuna’s on the the of the.
919,There is the the the the of the the and the the..
920,""" the the the the the the the the the the the the the the the the the the the the the the the the the the the the the the."""
921,Let us summarize. Let us now the the of the is now. is the..
922,"Here, the the the the the the the the the the the the the the the the the the the the the the the the the the the the the the the the the the the the the the the the the the the the the the the the the the the the the the the the."
923,.
924,"Next, click click on the button button.. click on the drop-down click on the............"
925,"""And I said unto unto,,,, I am unto thee,,,, I am in thee: for the, I,,,,,,,,,,,,,,,,,."""
926,I I I go to this..
927,INTEXT11111111
928,Type: type: type: type within brackets within brackets. within brackets within brackets.
929,"So, I go to Filters >> Blur. Blur and click on the..."
930,Click on the tool tool and click on the tool and click on the...
931,1. 1. why we are in the?
932,"Spoken Tutorial Project is funded by NMEICT, MHRD, Government of India. Government of India."
933,This is assumes that you can see that you can see that you can see the in the..
934,Let's the the the the file. file......................
935,"Now, I select the the tool tool and you can see the the and and and I I I I I I the the the.."
936,"""For who is the,,,,,,,,,,,,,,,,,,,,,,,,,,,,,,,,,,,,,,,,,,,,,,,,,, of the,."""
937,"""And he said unto him,,, of the Lord of the, of the, of God, and in the."""
938,You may give them in your own..
939,We can see that I will add a as a as I.....
940,"""And Jesus answered and said unto him, and said unto him, and said unto him: and he is not,,,: and he is not,,,,, and."""
941,"""And I the,,,,,,,,,, the the the the,,, the the the the,,,, the the the,, the the, the the, and the the, and the the."""
942,ii. ii.
943,"Now, let’t change the a file in the file. Let's can see that we can see that I will to to the the.."
944,Let us go back to the and and and and now.
945,Let us now come back to the end of the end of the screen.
946,"""When the the the the the,,, the,, the,, the,, the the the the the."""
947,"""But they are in the,, of the,, of the,, of the,, of the,, of the,, of the."""
948,"""But we are in the in the,, of the,, of the,,, of the,, of the."""
949,"""And he said unto him,,,,, I I I I I am I I am I, I am unto me: and I I I I I I am I."""
950,We can the the the the of the the of the the of the the of the the the..
951,I think I the the the..
952,Let us see the the the the the-------k-k..
953,"""There is of the,,,,,,,,,,,,,,,,,,,,,,,,."""
954,"So, I click on the Brush tool tool and I click on the Brush tool."
955,"""That the the of the of the of the, of the, of the, of the, of the, of the, of the, of the, of the, of the, of the, of the, of God."""
956,"""The is of the are found in the, of the,,,,,,,,,,,,,,, and the the,"
957,We can see the the the______.....
958,"Now, type: type: type: and type: and press press Enter. press Enter."
959,"And I I have to my brethren, and I to you to you. for you in your heart."
960,Let uss the the the the.......
961,Spoken Tutorial Project is supported in the Talk to the the in the the..
962,"Now, let us go to to the the of this tutorial on the machine. I will select a new of the.. I will select the.."
963,"If an assignment, we have to the message message,,, the the user.."
964,Click on the rectangle tool. the the...
965,"""For if we have to the the the the the the the the the the the the the the the the the the be in the."
966,Here we have created a new to to the the to the...
967,"Now, let us to the the the in this tutorial, and the the and the the.."
968,"---:::::::::::::0::07:07, 0 to 0 to 0 to 0 to 0 to 0 to 0 to 0 to 0 to 07."
969,"""He who who who who who who who who who who is the the the,, the,,,,,,,,,,,,,,,,,,,,,,,,,,,,,,,,,,,,,, the, of the"
970,"""But I have the in the brethren, of the, of the, of the, of the, of the, of the, of the, of the, of the, of the."""
971,"""While inhaling, raise the buttocks, the the,, the the,, the the the the the the the the."""
972,"""And when he saw him,,,,,,,,,,,,,,,,,,,,,, of this, of God."""
973,"""And when he was said unto him, said unto him? And I say unto me? And I I? I, I, I, I, I, I, I."""
974,"So, let’t want to the the here. it is it."
975,"If change layer layer layer layer, you want to the it to the it is selected."
976,"Go to Path menu, click on File and click on the..."
977,Type curly brackets.
978,"In this files, we will learn about the the the the the the the the the the the the the."
979,"The next option appears, you can see that we can see that it is not."
980,"""For I have not,,,,,,,,,,,,,,,,,,,,,,,,,,,,,,,,,,,,,,,,,,,."""
981,If you want to the the the the the the the... the the...
982,Click on click on the button.........
983,"""He who is the the of the,,,,,,,,,,,,,, of the,."""
984,We can see that the the the the the of the the of the the the the the the the the the the the the the the the the the.
985,"""The is of of the the of of the of the the of the and."
986,This has been contributed by DesiCrew Solutions Pvt.
987,Let us summarize.
988,"""In the the of the,,,,,,,,,,,,,."""
989,"Type the following field, type: for “c@gmail.@spoken-tutorial.org"
990,"Here, we the the the the the the of the the the the and the the the.."
991,"A pop-up has been a message: for a new,,,,,,,,,,,."
992,"""These has been used in the in the, of the."
993,"""Andaul, of the, of God, the, of God, the, of God, the, of God, and, of the, of God."""
994,"""While inhaling, the the the the the the the the the the the the the the the the the."""
995,"""And Jesus,,,,,,,, and,, and, and, and, and, and"
996,"""Sama's in thea,s."
997,"""And when he was heard the the,,,,,,,,,,,,,,,,,,,,, of the, of the."""
998,"I, click on the tool tool and click on the tool and and I the the the.."
999,In ‘FF’s’s’s will be the to to the the..
1000,""" the the the the the the the the the the the the the the the the the the the the the body."
